tag,notebook,doc
"AutoML, Text data",official/automl/automl-text-classification.ipynb,vertex-ai/docs/text-data/classification/train-model
"AutoML, Tabular data",official/automl/sdk_automl_tabular_forecasting_batch.ipynb,vertex-ai/docs/tabular-data/forecasting/tutorials-samples
"BigQuery, Vertex AI Workbench",official/workbench/exploratory_data_analysis/explore_data_in_bigquery_with_workbench.ipynb,
"BigQuery ML, Vertex AI Model Registry, Batch prediction",official/model-registry/bqml-vertexai-model-registry.ipynb,
"BigQuery ML, Vertex AI Model Registry, Online prediction",official/bigquery_ml/bqml-online-prediction.ipynb,
Custom Training,official/custom/sdk-custom-image-classification-batch.ipynb,
Custom Training,official/custom/sdk-custom-image-classification-online.ipynb,
Tabular Data,official/automl/automl_forecasting_bqml_arima_plus_comparison.ipynb,vertex-ai/docs/tabular-data/forecasting-arima/overview
"AutoML, Tabular Data",official/automl/automl_tabular_on_vertex_pipelines.ipynb,vertex-ai/docs/tabular-data/tabular-workflows/e2e-automl
Vertex AI Experiments,official/experiments/comparing_pipeline_runs.ipynb,
Vertex AI Experiments,official/experiments/build_model_experimentation_lineage_with_prebuild_code.ipynb,
Vertex AI Experiments,official/experiments/comparing_local_trained_models.ipynb,
Vertex AI Feature Store,official/feature_store/sdk-feature-store.ipynb,
Matching Engine,official/matching_engine/sdk_matching_engine_for_indexing.ipynb,
Model Monitoring,official/model_monitoring/model_monitoring.ipynb,
Vertex AI Pipelines,official/pipelines/lightweight_functions_component_io_kfp.ipynb,
"Vertex AI Pipelines Image data",official/pipelines/google_cloud_pipeline_components_automl_images.ipynb,
"Vertex AI Pipelines, Tabular data",official/pipelines/automl_tabular_classification_beans.ipynb,
"Vertex AI Pipelines, Tabular data",official/pipelines/google_cloud_pipeline_components_automl_tabular.ipynb,
"Vertex AI Pipelines, Text data",official/pipelines/google_cloud_pipeline_components_automl_text.ipynb,
Vertex AI Pipelines,official/pipelines/custom_model_training_and_batch_prediction.ipynb,
Vertex AI Pipelines,official/pipelines/google_cloud_pipeline_components_model_train_upload_deploy.ipynb,
Vertex AI Pipelines,official/pipelines/control_flow_kfp.ipynb,
Vertex AI Pipelines,official/pipelines/metrics_viz_run_compare_kfp.ipynb,
Vertex AI Pipelines,official/pipelines/pipelines_intro_kfp.ipynb,
Vertex AI Vizier,official/vizier/gapic-vizier-multi-objective-optimization.ipynb,vertex-ai/docs/vizier/using-vizier
"Vertex Explainable AI, Tabular data",official/explainable_ai/sdk_automl_tabular_binary_classification_batch_explain.ipynb,vertex-ai/docs/explainable-ai/overview
"Vertex Explainable AI, Tabular data",official/explainable_ai/sdk_automl_tabular_classification_online_explain.ipynb,vertex-ai/docs/explainable-ai/overview
"Vertex Explainable AI, Image data",official/explainable_ai/sdk_custom_image_classification_batch_explain.ipynb,vertex-ai/docs/explainable-ai/overview
"Vertex Explainable AI, Image data",official/explainable_ai/sdk_custom_image_classification_online_explain.ipynb,vertex-ai/docs/explainable-ai/overview
"Vertex Explainable AI, Tabular data",official/explainable_ai/sdk_custom_tabular_regression_batch_explain.ipynb,vertex-ai/docs/explainable-ai/overview
"Vertex Explainable AI, Tabular data",official/explainable_ai/sdk_custom_tabular_regression_online_explain.ipynb,vertex-ai/docs/explainable-ai/overview
Vertex ML Metadata,official/ml_metadata/sdk-metric-parameter-tracking-for-custom-jobs.ipynb,
